id,first_name,last_name,email,gender,edad
1,Lainey,Byars,lbyars0@purevolume.com,Female,27
2,Reagan,Mulmuray,rmulmuray1@mediafire.com,Male,6
3,Odessa,Hanson,ohanson2@ucoz.ru,Female,78
4,Brennan,Brimacombe,bbrimacombe3@istockphoto.com,Male,56
5,Joey,Billham,jbillham4@hud.gov,Male,46
6,Rennie,Bernardot,rbernardot5@fc2.com,Female,57
7,Meredeth,Morson,mmorson6@github.io,Male,24
8,Shae,Beau,sbeau7@ted.com,Female,52
9,Gail,Rosenfelt,grosenfelt8@archive.org,Male,23
10,Filbert,Rannigan,frannigan9@aboutads.info,Male,51
11,Bo,Ludewig,bludewiga@timesonline.co.uk,Male,100
12,Gerhard,Trappe,gtrappeb@desdev.cn,Male,27
13,Terri-jo,Esselin,tesselinc@163.com,Female,18
14,Alicea,Surguine,asurguined@timesonline.co.uk,Female,54
15,Shelton,Jesty,sjestye@webnode.com,Male,1
16,Zacharie,Odger,zodgerf@cnet.com,Male,49
17,Raimundo,McMichan,rmcmichang@amazon.co.jp,Male,23
18,Guthry,Robertot,grobertoth@google.ru,Male,50
19,Milzie,Husthwaite,mhusthwaitei@plala.or.jp,Female,43
20,Inigo,Syphas,isyphasj@blog.com,Male,20
21,Agosto,Sharple,asharplek@51.la,Male,96
22,Carson,Chesterman,cchestermanl@shop-pro.jp,Male,33
23,Benson,Hayland,bhaylandm@gravatar.com,Male,11
24,Sascha,Rosenkranc,srosenkrancn@discovery.com,Male,84
25,Ferdinand,Southworth,fsouthwortho@seattletimes.com,Male,9
26,Linnell,Degue,ldeguep@irs.gov,Female,90
27,Perry,Grubbe,pgrubbeq@sciencedaily.com,Female,66
28,Ronda,Ties,rtiesr@skype.com,Female,73
29,Demott,Eborall,deboralls@dmoz.org,Male,14
30,Myrlene,Bremner,mbremnert@vkontakte.ru,Female,61
31,Ginevra,Wickrath,gwickrathu@unc.edu,Female,82
32,Jae,Mityashev,jmityashevv@liveinternet.ru,Male,87
33,Tristam,Prettejohns,tprettejohnsw@thetimes.co.uk,Male,42
34,Archibold,Pittway,apittwayx@ftc.gov,Male,81
35,Jessi,Di Carlo,jdicarloy@ow.ly,Female,79
36,Meredith,Winham,mwinhamz@auda.org.au,Male,90
37,Penny,Fabler,pfabler10@cmu.edu,Female,57
38,Stanislaw,Golsby,sgolsby11@squarespace.com,Male,87
39,Sayre,Jewes,sjewes12@sourceforge.net,Female,56
40,Cicily,Connell,cconnell13@state.tx.us,Female,42
41,Grover,Edmonson,gedmonson14@oracle.com,Male,21
42,Gigi,Habbeshaw,ghabbeshaw15@walmart.com,Female,76
43,Alisha,Netherclift,anetherclift16@goo.ne.jp,Female,47
44,Alex,Harsnipe,aharsnipe17@arstechnica.com,Female,35
45,Chaunce,Rosenblum,crosenblum18@free.fr,Male,91
46,Evelyn,Barkas,ebarkas19@blogspot.com,Male,84
47,Querida,Zettler,qzettler1a@google.ca,Female,58
48,Briny,Bolan,bbolan1b@tiny.cc,Female,8
49,Ogdon,Gobeaux,ogobeaux1c@yahoo.com,Male,51
50,Nevile,Graalmans,ngraalmans1d@google.ca,Male,67
51,Dniren,Bohin,dbohin1e@issuu.com,Female,82
52,Ernst,Wollen,ewollen1f@tmall.com,Male,79
53,Deane,Benaine,dbenaine1g@jimdo.com,Male,14
54,Elvis,Eliot,eeliot1h@guardian.co.uk,Male,42
55,Adolphus,Kyttor,akyttor1i@jugem.jp,Male,61
56,Allyn,Puden,apuden1j@cisco.com,Male,44
57,Alanah,Angove,aangove1k@1688.com,Female,55
58,Elizabeth,Heimann,eheimann1l@tiny.cc,Female,42
59,Agosto,Itzkovwich,aitzkovwich1m@accuweather.com,Male,35
60,Viv,Massinger,vmassinger1n@cbc.ca,Female,3
61,Cathi,Yurkiewicz,cyurkiewicz1o@scribd.com,Female,71
62,Elita,Colson,ecolson1p@360.cn,Female,63
63,Kat,Havoc,khavoc1q@canalblog.com,Female,31
64,Barri,Rawling,brawling1r@umich.edu,Male,22
65,David,Janikowski,djanikowski1s@narod.ru,Male,68
66,Allina,Thoresbie,athoresbie1t@e-recht24.de,Female,33
67,Reuben,Percival,rpercival1u@a8.net,Male,53
68,Nanci,Gotcliff,ngotcliff1v@biglobe.ne.jp,Female,28
69,Trish,Deniso,tdeniso1w@google.pl,Female,35
70,Dorolisa,Dolling,ddolling1x@google.com.br,Female,96
71,Bonny,Gwyn,bgwyn1y@sphinn.com,Female,61
72,Rozanna,Cordoba,rcordoba1z@umn.edu,Female,64
73,Forrester,Jeste,fjeste20@java.com,Male,68
74,Liana,Krink,lkrink21@typepad.com,Female,67
75,Isaac,Keijser,ikeijser22@cloudflare.com,Male,81
76,Gracia,Scotchford,gscotchford23@weebly.com,Female,73
77,Zahara,McEvon,zmcevon24@abc.net.au,Female,94
78,Lewie,Davidge,ldavidge25@eepurl.com,Male,10
79,Kenny,Marris,kmarris26@msu.edu,Male,77
80,Tonnie,Claworth,tclaworth27@soundcloud.com,Male,11
81,Bernadette,Ranger,branger28@mail.ru,Female,60
82,Miran,Unger,munger29@tiny.cc,Female,95
83,Lemuel,Cesconi,lcesconi2a@archive.org,Male,91
84,Nickolaus,Mardy,nmardy2b@nps.gov,Male,59
85,Gwendolyn,Monument,gmonument2c@msu.edu,Female,93
86,Marcellina,Pinnington,mpinnington2d@nih.gov,Female,47
87,Letti,Bowen,lbowen2e@netlog.com,Female,89
88,Emilee,Fawthorpe,efawthorpe2f@blogs.com,Female,6
89,Jobie,Giannazzi,jgiannazzi2g@house.gov,Female,58
90,Zechariah,Fey,zfey2h@jalbum.net,Male,15
91,Dun,Foystone,dfoystone2i@google.com.hk,Male,5
92,Cyrillus,Hulburt,chulburt2j@soundcloud.com,Male,38
93,Thurston,Trass,ttrass2k@umich.edu,Male,24
94,Megan,Chatters,mchatters2l@cocolog-nifty.com,Female,20
95,Goldia,Collin,gcollin2m@furl.net,Female,58
96,Anatollo,Harburtson,aharburtson2n@wikispaces.com,Male,55
97,Annetta,Horbath,ahorbath2o@miitbeian.gov.cn,Female,58
98,Felita,Mackilpatrick,fmackilpatrick2p@cloudflare.com,Female,97
99,Massimiliano,Abade,mabade2q@columbia.edu,Male,4
100,Urbain,Jennins,ujennins2r@amazonaws.com,Male,30
101,Louise,Magister,lmagister2s@reference.com,Female,4
102,Andie,Barwick,abarwick2t@ft.com,Male,51
103,Kipper,Cossentine,kcossentine2u@sina.com.cn,Male,78
104,Karlie,Hartness,khartness2v@google.co.uk,Female,26
105,Antoinette,Jesty,ajesty2w@blinklist.com,Female,75
106,Lauralee,Burgin,lburgin2x@youtu.be,Female,67
107,Layton,McCarlie,lmccarlie2y@soup.io,Male,58
108,Camille,Ivic,civic2z@earthlink.net,Female,82
109,Clywd,Ashmole,cashmole30@dmoz.org,Male,28
110,Cacilia,Harvett,charvett31@issuu.com,Female,11
111,Leroi,Cargenven,lcargenven32@so-net.ne.jp,Male,83
112,Jeffie,Kondrat,jkondrat33@seattletimes.com,Male,7
113,Kaycee,Dedney,kdedney34@sakura.ne.jp,Female,7
114,Clair,Dine-Hart,cdinehart35@hc360.com,Male,96
115,Merilyn,Morgans,mmorgans36@topsy.com,Female,6
116,Patin,Faircliff,pfaircliff37@vkontakte.ru,Male,29
117,Obie,Corben,ocorben38@webnode.com,Male,6
118,Camella,Everist,ceverist39@ucla.edu,Female,49
119,Moshe,Dufoure,mdufoure3a@fema.gov,Male,26
120,Andrej,Tincknell,atincknell3b@youku.com,Male,76
121,Annelise,Behn,abehn3c@ovh.net,Female,99
122,Blair,Willets,bwillets3d@chicagotribune.com,Female,68
123,Reid,Amer,ramer3e@behance.net,Male,19
124,Peta,Darkins,pdarkins3f@comsenz.com,Female,50
125,Mellisa,Houliston,mhouliston3g@bloglines.com,Female,31
126,Baxy,Thoresby,bthoresby3h@facebook.com,Male,88
127,Shayne,Halfpenny,shalfpenny3i@msu.edu,Male,10
128,Jerad,Soitoux,jsoitoux3j@nbcnews.com,Male,66
129,Richart,Petrasso,rpetrasso3k@flickr.com,Male,55
130,Araldo,Ferebee,aferebee3l@miitbeian.gov.cn,Male,37
131,Sebastien,Bernhardsson,sbernhardsson3m@4shared.com,Male,3
132,Al,Hollyer,ahollyer3n@va.gov,Male,25
133,Alric,Cowlard,acowlard3o@skype.com,Male,46
134,Marvin,Winterbourne,mwinterbourne3p@economist.com,Male,62
135,Dennie,Wolfarth,dwolfarth3q@loc.gov,Female,6
136,Gavan,Coulthard,gcoulthard3r@surveymonkey.com,Male,83
137,Issie,Cracoe,icracoe3s@nationalgeographic.com,Female,52
138,Elora,Wrightim,ewrightim3t@cam.ac.uk,Female,59
139,Caron,Hitschke,chitschke3u@wisc.edu,Female,8
140,Rey,Maith,rmaith3v@bloomberg.com,Male,53
141,Tomas,Liddall,tliddall3w@zdnet.com,Male,86
142,Thedric,Dmych,tdmych3x@surveymonkey.com,Male,39
143,Kalinda,Craddock,kcraddock3y@about.com,Female,97
144,Bartholemy,Playden,bplayden3z@lulu.com,Male,100
145,Carolyne,Slowan,cslowan40@tripod.com,Female,23
146,Rosalia,Praundlin,rpraundlin41@msu.edu,Female,74
147,Justinian,Bigly,jbigly42@dedecms.com,Male,95
148,Timi,Breeze,tbreeze43@facebook.com,Female,76
149,Marysa,Woodington,mwoodington44@slideshare.net,Female,11
150,Rozella,Helliker,rhelliker45@instagram.com,Female,37
151,Darleen,Allewell,dallewell46@state.tx.us,Female,33
152,Dudley,Orpin,dorpin47@vimeo.com,Male,77
153,Aubree,Brugh,abrugh48@boston.com,Female,60
154,Augustina,Gatus,agatus49@123-reg.co.uk,Female,98
155,Davy,Stait,dstait4a@chron.com,Male,59
156,Phillie,Haliburn,phaliburn4b@lycos.com,Female,96
157,Leonore,Minghi,lminghi4c@cmu.edu,Female,46
158,Lloyd,Oakley,loakley4d@surveymonkey.com,Male,95
159,Quent,Cassius,qcassius4e@marketwatch.com,Male,78
160,Stace,Lucia,slucia4f@drupal.org,Female,10
161,Donna,Machent,dmachent4g@addthis.com,Female,51
162,Hogan,Windows,hwindows4h@nhs.uk,Male,83
163,Rodrique,Morillas,rmorillas4i@si.edu,Male,22
164,Louise,Beentjes,lbeentjes4j@list-manage.com,Female,45
165,Wanids,Berrick,wberrick4k@technorati.com,Female,62
166,Chariot,Lenham,clenham4l@time.com,Male,69
167,Helenka,Fieldstone,hfieldstone4m@latimes.com,Female,86
168,Ado,Lukasen,alukasen4n@nationalgeographic.com,Male,24
169,Sayre,Pollitt,spollitt4o@csmonitor.com,Male,49
170,Hasheem,Keneforde,hkeneforde4p@cbsnews.com,Male,7
171,Brit,Allbrook,ballbrook4q@xinhuanet.com,Male,34
172,Bearnard,Millsom,bmillsom4r@amazonaws.com,Male,5
173,Mylo,Bahlmann,mbahlmann4s@elpais.com,Male,10
174,Heidi,Rodger,hrodger4t@wisc.edu,Female,70
175,Eben,Dottrell,edottrell4u@etsy.com,Male,2
176,Camel,Mc Caghan,cmccaghan4v@cbc.ca,Female,30
177,Elsie,D'Alwis,edalwis4w@imgur.com,Female,76
178,Inesita,Myerscough,imyerscough4x@sogou.com,Female,4
179,Cesar,Kalinsky,ckalinsky4y@yelp.com,Male,59
180,Concordia,Bullon,cbullon4z@ted.com,Female,52
181,Kippie,Domanek,kdomanek50@hatena.ne.jp,Male,63
182,Gretta,Lackham,glackham51@noaa.gov,Female,60
183,Florry,Guppy,fguppy52@sakura.ne.jp,Female,26
184,Walt,Coots,wcoots53@flavors.me,Male,44
185,Elonore,Ruegg,eruegg54@printfriendly.com,Female,68
186,Dyana,Erwin,derwin55@storify.com,Female,87
187,Burnard,Figliovanni,bfigliovanni56@state.gov,Male,4
188,Ibbie,Yexley,iyexley57@admin.ch,Female,77
189,Giana,Perroni,gperroni58@people.com.cn,Female,71
190,Emelita,Quig,equig59@opera.com,Female,41
191,Rivkah,Gumme,rgumme5a@g.co,Female,44
192,Agnes,Bending,abending5b@domainmarket.com,Female,51
193,Leah,Lusgdin,llusgdin5c@google.de,Female,44
194,Nicolai,McCorrie,nmccorrie5d@java.com,Male,51
195,Abel,Champion,achampion5e@unicef.org,Male,56
196,Devlin,Nibley,dnibley5f@over-blog.com,Male,98
197,Lilly,Issacson,lissacson5g@ehow.com,Female,48
198,Falito,Finnie,ffinnie5h@123-reg.co.uk,Male,26
199,Hermon,Chatelot,hchatelot5i@netscape.com,Male,31
200,Moll,Dodgshon,mdodgshon5j@cnn.com,Female,64
201,Gibb,Kupka,gkupka5k@simplemachines.org,Male,66
202,Oberon,Garrie,ogarrie5l@paypal.com,Male,84
203,Valina,Gavaghan,vgavaghan5m@unesco.org,Female,67
204,Valentin,Weerdenburg,vweerdenburg5n@github.com,Male,15
205,Kendell,Shillom,kshillom5o@weibo.com,Male,94
206,Pammie,Pendleton,ppendleton5p@mlb.com,Female,47
207,Cordie,Nardi,cnardi5q@chron.com,Female,59
208,Rubi,Poizer,rpoizer5r@unesco.org,Female,69
209,Joice,Lowsely,jlowsely5s@washingtonpost.com,Female,22
210,Agosto,Gager,agager5t@i2i.jp,Male,78
211,Zabrina,Joblin,zjoblin5u@noaa.gov,Female,65
212,Penelope,Hanrott,phanrott5v@spiegel.de,Female,2
213,Roseanna,Brookzie,rbrookzie5w@hexun.com,Female,53
214,Alister,St. John,astjohn5x@hostgator.com,Male,94
215,Fayette,Pennigar,fpennigar5y@mlb.com,Female,16
216,Benedick,Pardoe,bpardoe5z@cmu.edu,Male,33
217,Robert,Pateman,rpateman60@dropbox.com,Male,83
218,Deedee,Rehm,drehm61@amazon.co.jp,Female,78
219,Isabelita,Dugget,idugget62@over-blog.com,Female,62
220,Darcy,Beneze,dbeneze63@amazon.co.jp,Male,50
221,Karylin,Scotchforth,kscotchforth64@google.com.br,Female,34
222,Walker,Tyndall,wtyndall65@ucoz.ru,Male,84
223,Bruno,Bilsland,bbilsland66@economist.com,Male,34
224,Fonz,Sprason,fsprason67@list-manage.com,Male,38
225,Laurie,Peppard,lpeppard68@de.vu,Male,26
226,Ruperto,Kinglake,rkinglake69@sciencedirect.com,Male,55
227,Carmelle,Yankeev,cyankeev6a@state.tx.us,Female,26
228,Fran,Brimson,fbrimson6b@multiply.com,Male,18
229,Amalie,Offord,aofford6c@shareasale.com,Female,34
230,Ev,Laidlow,elaidlow6d@moonfruit.com,Male,49
231,Jermain,Jacquot,jjacquot6e@infoseek.co.jp,Male,58
232,Rachel,Townby,rtownby6f@columbia.edu,Female,80
233,Koralle,Canto,kcanto6g@boston.com,Female,96
234,Tammy,Shawel,tshawel6h@phoca.cz,Female,39
235,Wilie,Corradino,wcorradino6i@so-net.ne.jp,Female,99
236,Alix,Collinwood,acollinwood6j@oaic.gov.au,Male,48
237,Beniamino,Branford,bbranford6k@reuters.com,Male,88
238,Thaine,Hugk,thugk6l@t.co,Male,83
239,Bogey,Robion,brobion6m@ihg.com,Male,35
240,Johannes,Ludlamme,jludlamme6n@wired.com,Male,33
241,Jordan,Wooles,jwooles6o@google.ru,Male,9
242,Clarie,O' Faherty,cofaherty6p@prnewswire.com,Female,72
243,Mill,Guinan,mguinan6q@github.io,Male,66
244,Lin,Dumingos,ldumingos6r@deviantart.com,Male,12
245,Court,Lowe,clowe6s@google.ca,Male,66
246,Annette,Jakubski,ajakubski6t@imdb.com,Female,91
247,Northrup,Dorey,ndorey6u@oaic.gov.au,Male,44
248,Radcliffe,Meates,rmeates6v@nymag.com,Male,31
249,Alexis,Germain,agermain6w@oracle.com,Male,59
250,Tony,Andryszczak,tandryszczak6x@alexa.com,Female,93
251,Donal,Whopples,dwhopples6y@examiner.com,Male,80
252,Adolph,Aylward,aaylward6z@squidoo.com,Male,20
253,Noel,Gile,ngile70@accuweather.com,Male,4
254,Walt,Demann,wdemann71@zimbio.com,Male,45
255,Mahala,Pascoe,mpascoe72@icq.com,Female,79
256,Genovera,Bardnam,gbardnam73@howstuffworks.com,Female,12
257,Pammy,Airdrie,pairdrie74@wp.com,Female,26
258,Ignaz,Lewsy,ilewsy75@miibeian.gov.cn,Male,63
259,Robinetta,Heball,rheball76@liveinternet.ru,Female,73
260,Harper,Kapelhof,hkapelhof77@boston.com,Male,86
261,Dud,Blint,dblint78@baidu.com,Male,94
262,Baillie,Tripett,btripett79@domainmarket.com,Male,28
263,Rickie,Thiese,rthiese7a@soup.io,Male,88
264,Shawn,McIlwreath,smcilwreath7b@163.com,Female,29
265,Urson,Dickie,udickie7c@macromedia.com,Male,82
266,Dannie,Prujean,dprujean7d@ocn.ne.jp,Male,64
267,Lanny,Emanuelov,lemanuelov7e@meetup.com,Female,4
268,Tate,Innes,tinnes7f@php.net,Female,26
269,Claybourne,Igglesden,cigglesden7g@dailymotion.com,Male,69
270,Ede,Maudson,emaudson7h@discuz.net,Female,66
271,Hurlee,Robard,hrobard7i@wired.com,Male,10
272,Kirsten,Torri,ktorri7j@usda.gov,Female,64
273,Brewster,Kleinber,bkleinber7k@microsoft.com,Male,15
274,Vilhelmina,Nice,vnice7l@globo.com,Female,66
275,Elyn,Ondrousek,eondrousek7m@uol.com.br,Female,51
276,Morton,Thumann,mthumann7n@elegantthemes.com,Male,78
277,Velvet,Bridgman,vbridgman7o@jimdo.com,Female,86
278,Barbabas,Kinloch,bkinloch7p@delicious.com,Male,80
279,Sigismond,Klimkov,sklimkov7q@berkeley.edu,Male,77
280,Tilda,Newbery,tnewbery7r@taobao.com,Female,65
281,Wileen,Smallpeice,wsmallpeice7s@yahoo.com,Female,23
282,Weider,Calladine,wcalladine7t@telegraph.co.uk,Male,76
283,Micah,Pluck,mpluck7u@usgs.gov,Male,17
284,Kin,Spoole,kspoole7v@ftc.gov,Male,59
285,Nissy,Gasparro,ngasparro7w@guardian.co.uk,Female,66
286,Glennie,Comber,gcomber7x@discuz.net,Female,63
287,Cly,Jansie,cjansie7y@histats.com,Male,16
288,Mozes,Sallery,msallery7z@google.ca,Male,86
289,Bank,Taillard,btaillard80@foxnews.com,Male,85
290,Gayle,Zaniolo,gzaniolo81@usnews.com,Male,97
291,Zaccaria,Kybert,zkybert82@princeton.edu,Male,68
292,Brook,Lannin,blannin83@craigslist.org,Male,74
293,Jereme,Meiningen,jmeiningen84@hao123.com,Male,48
294,Pandora,Glasscock,pglasscock85@amazon.com,Female,5
295,Tadio,Cowin,tcowin86@rambler.ru,Male,100
296,Alyse,Pley,apley87@tiny.cc,Female,75
297,Rudy,McAreavey,rmcareavey88@purevolume.com,Male,79
298,Case,Taggart,ctaggart89@fastcompany.com,Male,64
299,Marley,Stadden,mstadden8a@amazon.de,Female,26
300,Oates,O'Geaney,oogeaney8b@weibo.com,Male,70
301,Sammy,Aiken,saiken8c@ebay.com,Male,87
302,Anna-diane,Messiter,amessiter8d@nationalgeographic.com,Female,47
303,Moreen,Burchett,mburchett8e@wikia.com,Female,73
304,Lethia,Children,lchildren8f@sphinn.com,Female,30
305,Beverlie,Jedraszek,bjedraszek8g@artisteer.com,Female,78
306,Mendy,Buessen,mbuessen8h@discuz.net,Male,14
307,Carolyn,Beckerleg,cbeckerleg8i@gizmodo.com,Female,17
308,Jolie,Fitt,jfitt8j@google.ru,Female,31
309,Beatrisa,Maior,bmaior8k@nydailynews.com,Female,98
310,Mia,Herley,mherley8l@marriott.com,Female,61
311,Randa,Jales,rjales8m@stanford.edu,Female,26
312,Stavros,Lotterington,slotterington8n@archive.org,Male,32
313,Joachim,Caistor,jcaistor8o@yelp.com,Male,22
314,Kissee,Ost,kost8p@rambler.ru,Female,11
315,Bobbie,Yeudall,byeudall8q@booking.com,Male,52
316,Timothy,Marquess,tmarquess8r@wufoo.com,Male,88
317,Chickie,Kenrick,ckenrick8s@sfgate.com,Male,28
318,Deloria,Giamitti,dgiamitti8t@deviantart.com,Female,74
319,Ciro,Ring,cring8u@nydailynews.com,Male,64
320,Rubi,Tilio,rtilio8v@ucoz.com,Female,47
321,Kev,Wharlton,kwharlton8w@discuz.net,Male,34
322,Quint,Lock,qlock8x@altervista.org,Male,29
323,Jonas,Kempson,jkempson8y@accuweather.com,Male,43
324,Prent,Slite,pslite8z@macromedia.com,Male,4
325,Georgeanna,Caveney,gcaveney90@blinklist.com,Female,58
326,Moritz,Dightham,mdightham91@sbwire.com,Male,32
327,Carson,Vanderson,cvanderson92@walmart.com,Male,82
328,Warden,Drever,wdrever93@cnet.com,Male,37
329,Tedmund,Hinkins,thinkins94@princeton.edu,Male,51
330,Morgan,Huygen,mhuygen95@sogou.com,Female,27
331,Hobie,Toms,htoms96@go.com,Male,79
332,Beverie,Merrison,bmerrison97@comcast.net,Female,75
333,Viva,Faust,vfaust98@soup.io,Female,40
334,Chloris,Cobden,ccobden99@nih.gov,Female,26
335,Humfrid,Sisey,hsisey9a@wisc.edu,Male,95
336,Gaynor,Ferrarello,gferrarello9b@mit.edu,Female,63
337,Una,Rouge,urouge9c@tmall.com,Female,36
338,Alan,Marzele,amarzele9d@disqus.com,Male,95
339,Devon,Ciraldo,dciraldo9e@mac.com,Female,95
340,Lavina,Happel,lhappel9f@i2i.jp,Female,61
341,Roley,Skryne,rskryne9g@google.es,Male,69
342,Vin,Shiel,vshiel9h@netlog.com,Female,79
343,Lizzy,Blakden,lblakden9i@yolasite.com,Female,24
344,Avrom,Screase,ascrease9j@sitemeter.com,Male,55
345,Stacee,Freake,sfreake9k@auda.org.au,Male,86
346,Brandtr,Walling,bwalling9l@sphinn.com,Male,98
347,Vince,Outerbridge,vouterbridge9m@topsy.com,Male,79
348,Lula,Di Biaggi,ldibiaggi9n@soundcloud.com,Female,32
349,Myles,Estrella,mestrella9o@icio.us,Male,45
350,Meredithe,Dowrey,mdowrey9p@example.com,Female,44
351,Bentlee,Laurentin,blaurentin9q@toplist.cz,Male,93
352,Candis,Lockie,clockie9r@deviantart.com,Female,67
353,Joell,Swinyard,jswinyard9s@tamu.edu,Female,26
354,Bunnie,Maggiore,bmaggiore9t@purevolume.com,Female,20
355,Pier,Yurevich,pyurevich9u@nhs.uk,Female,53
356,Gabriello,Filinkov,gfilinkov9v@ameblo.jp,Male,48
357,Banky,Clotworthy,bclotworthy9w@slideshare.net,Male,79
358,Livvy,Wrettum,lwrettum9x@nytimes.com,Female,31
359,Dale,Decourt,ddecourt9y@ustream.tv,Female,3
360,Wendi,Fencott,wfencott9z@comsenz.com,Female,20
361,Adi,Moro,amoroa0@shareasale.com,Female,36
362,Spence,O'Dempsey,sodempseya1@cafepress.com,Male,47
363,Alley,Dalling,adallinga2@miitbeian.gov.cn,Male,73
364,Gena,Kovacs,gkovacsa3@ted.com,Female,94
365,Von,Sarginson,vsarginsona4@usda.gov,Male,48
366,Karolina,Tuxell,ktuxella5@google.pl,Female,61
367,Colly,Benford,cbenforda6@usda.gov,Female,100
368,Emmy,Carrigan,ecarrigana7@cbslocal.com,Male,61
369,Randy,Swindlehurst,rswindlehursta8@dyndns.org,Female,5
370,Morlee,Zuker,mzukera9@utexas.edu,Male,99
371,Jerry,Goodridge,jgoodridgeaa@dedecms.com,Male,67
372,Allayne,Eymor,aeymorab@studiopress.com,Male,12
373,Betsy,Battrick,bbattrickac@blogger.com,Female,60
374,Anabel,Davidov,adavidovad@yahoo.com,Female,85
375,Samuele,Chesterman,schestermanae@istockphoto.com,Male,70
376,Sacha,Gontier,sgontieraf@patch.com,Female,10
377,Dallas,Markova,dmarkovaag@bbb.org,Male,23
378,Wynny,Trustie,wtrustieah@reverbnation.com,Female,21
379,Imogene,Leport,ileportai@theatlantic.com,Female,98
380,Elia,Lighten,elightenaj@comcast.net,Male,53
381,Carrol,McLaughlin,cmclaughlinak@hexun.com,Male,72
382,Yasmeen,Surman,ysurmanal@google.ru,Female,72
383,Idette,Hourstan,ihourstanam@stanford.edu,Female,18
384,Neysa,Flawn,nflawnan@surveymonkey.com,Female,10
385,Vladimir,Guidera,vguideraao@usatoday.com,Male,73
386,Merci,Shemilt,mshemiltap@ebay.com,Female,31
387,Abel,Burkin,aburkinaq@noaa.gov,Male,27
388,Lothario,Burnhill,lburnhillar@netscape.com,Male,77
389,Nils,Work,nworkas@statcounter.com,Male,29
390,Marlow,Langcaster,mlangcasterat@desdev.cn,Male,27
391,Chan,Pfiffer,cpfifferau@wikimedia.org,Male,22
392,Roddie,Loosmore,rloosmoreav@hostgator.com,Male,74
393,Karen,Whisker,kwhiskeraw@ft.com,Female,80
394,Lenna,Sumpter,lsumpterax@hhs.gov,Female,90
395,Gaven,Maffioletti,gmaffiolettiay@apache.org,Male,12
396,Xena,Mardell,xmardellaz@chronoengine.com,Female,56
397,Eliot,Henlon,ehenlonb0@istockphoto.com,Male,70
398,Lusa,Croci,lcrocib1@yolasite.com,Female,52
399,Devin,Bratton,dbrattonb2@google.ca,Female,19
400,Nicko,Bastard,nbastardb3@state.tx.us,Male,15
401,Charlotte,Hambrook,chambrookb4@nifty.com,Female,35
402,Georgi,Bog,gbogb5@fda.gov,Male,63
403,Brander,Liddy,bliddyb6@weather.com,Male,8
404,Sander,Haquin,shaquinb7@ucla.edu,Male,36
405,Dag,Pellingar,dpellingarb8@sbwire.com,Male,79
406,Carie,Impett,cimpettb9@ezinearticles.com,Female,33
407,Merell,Calverley,mcalverleyba@reference.com,Male,68
408,Lindsay,Hobgen,lhobgenbb@jiathis.com,Female,93
409,Nowell,Keemer,nkeemerbc@list-manage.com,Male,22
410,Bea,Nast,bnastbd@altervista.org,Female,78
411,Krissy,Itzcovich,kitzcovichbe@senate.gov,Female,55
412,Stanislas,Lambot,slambotbf@opensource.org,Male,98
413,Hasty,Darnody,hdarnodybg@dell.com,Male,97
414,Clyve,Otridge,cotridgebh@va.gov,Male,92
415,Anett,Thebeaud,athebeaudbi@devhub.com,Female,44
416,Milli,Kohnen,mkohnenbj@stumbleupon.com,Female,61
417,Avigdor,Carslake,acarslakebk@timesonline.co.uk,Male,81
418,Elton,Dewsnap,edewsnapbl@ebay.com,Male,20
419,Garfield,Longhirst,glonghirstbm@foxnews.com,Male,68
420,Frannie,Ranson,fransonbn@timesonline.co.uk,Male,12
421,Garvy,Gianullo,ggianullobo@mozilla.org,Male,42
422,Candra,Johnston,cjohnstonbp@state.gov,Female,77
423,Mora,Bloan,mbloanbq@wufoo.com,Female,17
424,Corina,Dearlove,cdearlovebr@cnbc.com,Female,17
425,Francklin,Keoghan,fkeoghanbs@topsy.com,Male,12
426,Doy,Glenfield,dglenfieldbt@blogger.com,Male,37
427,Matelda,Hendrik,mhendrikbu@ucsd.edu,Female,97
428,Emmott,Sannes,esannesbv@fema.gov,Male,98
429,Humphrey,Sherrington,hsherringtonbw@xrea.com,Male,51
430,Tannie,Cristofor,tcristoforbx@yahoo.com,Male,100
431,Othello,Pashenkov,opashenkovby@samsung.com,Male,80
432,Mychal,Duigan,mduiganbz@ycombinator.com,Male,23
433,Wiley,Leighfield,wleighfieldc0@sciencedirect.com,Male,46
434,Cate,Rother,crotherc1@wikipedia.org,Female,28
435,Valentine,Rogliero,vroglieroc2@pen.io,Male,51
436,Clarisse,Dyster,cdysterc3@japanpost.jp,Female,93
437,Thebault,Emslie,temsliec4@stumbleupon.com,Male,73
438,Rosmunda,Ca,rcac5@aol.com,Female,10
439,Constance,Managh,cmanaghc6@adobe.com,Female,78
440,Brynna,Roulston,broulstonc7@typepad.com,Female,24
441,Cathleen,Canby,ccanbyc8@theglobeandmail.com,Female,5
442,Kayne,Dowda,kdowdac9@oaic.gov.au,Male,5
443,Errol,Berrie,eberrieca@imgur.com,Male,32
444,Dimitri,Finnan,dfinnancb@webeden.co.uk,Male,37
445,Saul,Mitcheson,smitchesoncc@nydailynews.com,Male,60
446,Bettina,Kniveton,bknivetoncd@i2i.jp,Female,88
447,Avictor,Pollastrone,apollastronece@examiner.com,Male,97
448,Wilt,Bachshell,wbachshellcf@webs.com,Male,55
449,Omero,Jordeson,ojordesoncg@hubpages.com,Male,16
450,Ruthann,Yanez,ryanezch@alexa.com,Female,18
451,Ann-marie,Kellington,akellingtonci@surveymonkey.com,Female,74
452,Berne,Nawton,bnawtoncj@google.ca,Male,57
453,Clemmie,Balazot,cbalazotck@blogspot.com,Female,65
454,Di,Giametti,dgiametticl@intel.com,Female,66
455,Dulsea,Darnell,ddarnellcm@tiny.cc,Female,74
456,Dyane,Kirkham,dkirkhamcn@tripod.com,Female,52
457,Elvis,Lace,elaceco@hao123.com,Male,90
458,Minny,Strickler,mstricklercp@europa.eu,Female,57
459,Margie,Bollini,mbollinicq@istockphoto.com,Female,26
460,Agustin,Slimm,aslimmcr@upenn.edu,Male,80
461,Barbaraanne,Brandli,bbrandlics@1688.com,Female,72
462,Haskell,Fihelly,hfihellyct@nytimes.com,Male,65
463,Red,Habble,rhabblecu@irs.gov,Male,91
464,Rora,Nolot,rnolotcv@reverbnation.com,Female,89
465,Lena,Romanini,lromaninicw@cdbaby.com,Female,44
466,Kendell,Licciardiello,klicciardiellocx@printfriendly.com,Male,18
467,Vale,Lamburn,vlamburncy@cbslocal.com,Female,45
468,Archibald,Diver,adivercz@senate.gov,Male,85
469,Merna,Downey,mdowneyd0@barnesandnoble.com,Female,17
470,Penny,Biasioli,pbiasiolid1@dot.gov,Female,74
471,Frannie,Wickwarth,fwickwarthd2@com.com,Male,19
472,Syd,Gantlett,sgantlettd3@ning.com,Male,33
473,Josephine,John,jjohnd4@ibm.com,Female,27
474,Eugen,Berlin,eberlind5@skype.com,Male,94
475,Nolan,Jeafferson,njeaffersond6@hugedomains.com,Male,33
476,Doralynn,Attack,dattackd7@yellowbook.com,Female,19
477,Megan,Petraitis,mpetraitisd8@imageshack.us,Female,5
478,Gracie,Birkett,gbirkettd9@dropbox.com,Female,50
479,Kassia,Bussel,kbusselda@wordpress.org,Female,47
480,Jeremias,Kedwell,jkedwelldb@admin.ch,Male,46
481,Shirlee,Burdas,sburdasdc@cargocollective.com,Female,50
482,Sher,Jones,sjonesdd@thetimes.co.uk,Female,31
483,Moishe,Streater,mstreaterde@seattletimes.com,Male,64
484,Konrad,Ivory,kivorydf@moonfruit.com,Male,25
485,Lazaro,Flinn,lflinndg@google.com,Male,93
486,Bernardina,Wagenen,bwagenendh@rambler.ru,Female,40
487,Rennie,McGirl,rmcgirldi@google.it,Female,49
488,Broderic,Chastand,bchastanddj@purevolume.com,Male,79
489,Franny,Clarridge,fclarridgedk@earthlink.net,Male,79
490,Anabella,Scheu,ascheudl@dyndns.org,Female,44
491,Ramsey,Bavage,rbavagedm@latimes.com,Male,2
492,Gardy,Bohike,gbohikedn@amazonaws.com,Male,75
493,Susannah,Wooton,swootondo@skype.com,Female,72
494,Keir,Hagergham,khagerghamdp@forbes.com,Male,58
495,Cicely,Gratton,cgrattondq@salon.com,Female,7
496,Tiebout,Vogl,tvogldr@mysql.com,Male,90
497,Holly-anne,Couth,hcouthds@mit.edu,Female,69
498,Itch,Dumphry,idumphrydt@networkadvertising.org,Male,50
499,Orson,Blethyn,oblethyndu@163.com,Male,80
500,Buffy,Cassella,bcasselladv@businessinsider.com,Female,51
501,Ingelbert,Heaker,iheakerdw@tmall.com,Male,46
502,Hamel,Ransom,hransomdx@discuz.net,Male,26
503,Doe,Qualtrough,dqualtroughdy@photobucket.com,Female,29
504,Ignatius,Odo,iododz@posterous.com,Male,39
505,Serene,Wordsley,swordsleye0@globo.com,Female,67
506,Amalita,Strapp,astrappe1@moonfruit.com,Female,48
507,Kelly,Oxlee,koxleee2@narod.ru,Male,77
508,Ysabel,Rippon,yrippone3@storify.com,Female,11
509,Parsifal,Bridgestock,pbridgestocke4@disqus.com,Male,77
510,Noelani,Lambkin,nlambkine5@rakuten.co.jp,Female,25
511,Cole,Challiss,cchallisse6@cisco.com,Male,72
512,Dale,Thridgould,dthridgoulde7@intel.com,Female,57
513,Cristabel,Couper,ccoupere8@google.co.uk,Female,50
514,Ciro,Bryer,cbryere9@eepurl.com,Male,6
515,Gene,McCorley,gmccorleyea@latimes.com,Female,18
516,Dorthy,Spurier,dspuriereb@opensource.org,Female,16
517,Ruggiero,Karpf,rkarpfec@mediafire.com,Male,92
518,Goldy,Heathorn,gheathorned@squarespace.com,Female,28
519,Emilio,Lighten,elightenee@surveymonkey.com,Male,98
520,Uta,Fewster,ufewsteref@fda.gov,Female,26
521,Yorgo,Gingell,ygingelleg@youku.com,Male,60
522,Byran,Weatherhill,bweatherhilleh@census.gov,Male,100
523,Dael,Dabrowski,ddabrowskiei@gov.uk,Male,38
524,Obidiah,Newns,onewnsej@dmoz.org,Male,2
525,Shea,Buffy,sbuffyek@cbsnews.com,Female,60
526,Phylis,Antoni,pantoniel@yale.edu,Female,56
527,Heddie,O'Sheeryne,hosheeryneem@forbes.com,Female,19
528,Lennie,Moulson,lmoulsonen@people.com.cn,Male,67
529,Brett,Harewood,bharewoodeo@samsung.com,Female,91
530,Marketa,Lardeur,mlardeurep@engadget.com,Female,42
531,Lucian,Cooper,lcoopereq@friendfeed.com,Male,99
532,Shir,Dunk,sdunker@weebly.com,Female,85
533,Tallou,Matousek,tmatousekes@unesco.org,Female,25
534,Nelie,Tembridge,ntembridgeet@deviantart.com,Female,10
535,Aldo,Ghiraldi,aghiraldieu@mayoclinic.com,Male,62
536,Elmore,Boshers,eboshersev@goo.gl,Male,13
537,Cortney,Ashfold,cashfoldew@hhs.gov,Female,68
538,Reggie,Few,rfewex@nydailynews.com,Female,73
539,Audrye,Jankin,ajankiney@moonfruit.com,Female,10
540,Mina,Clitsome,mclitsomeez@netvibes.com,Female,59
541,Suzy,Ruffy,sruffyf0@blogs.com,Female,54
542,Grissel,Isakovitch,gisakovitchf1@amazon.de,Female,37
543,Lowell,Solley,lsolleyf2@cbsnews.com,Male,68
544,Atlanta,Furphy,afurphyf3@ca.gov,Female,75
545,Fiorenze,Izhaky,fizhakyf4@rakuten.co.jp,Female,63
546,Morlee,Doctor,mdoctorf5@163.com,Male,96
547,Rooney,Lavalle,rlavallef6@bizjournals.com,Male,17
548,Mart,Blazej,mblazejf7@reverbnation.com,Male,3
549,Jone,Dyball,jdyballf8@paypal.com,Male,86
550,Royal,Drew-Clifton,rdrewcliftonf9@bigcartel.com,Male,42
551,Gayleen,Barwise,gbarwisefa@ox.ac.uk,Female,16
552,Janka,Tremontana,jtremontanafb@ustream.tv,Female,95
553,Cecil,Hardy-Piggin,chardypigginfc@comsenz.com,Female,80
554,Dev,Meys,dmeysfd@globo.com,Male,70
555,Terrijo,Asplin,tasplinfe@mit.edu,Female,40
556,Hubey,Beidebeke,hbeidebekeff@wiley.com,Male,51
557,Thorn,Fowlston,tfowlstonfg@github.io,Male,26
558,Trstram,Derbyshire,tderbyshirefh@state.gov,Male,56
559,Pierson,Gregolotti,pgregolottifi@wikispaces.com,Male,61
560,Dewitt,Narracott,dnarracottfj@imgur.com,Male,4
561,Malynda,Brundrett,mbrundrettfk@trellian.com,Female,44
562,Burty,Aubert,baubertfl@theatlantic.com,Male,18
563,Donnie,Cain,dcainfm@paypal.com,Female,21
564,Johnny,Tiller,jtillerfn@craigslist.org,Male,35
565,Bryce,Pasticznyk,bpasticznykfo@chron.com,Male,46
566,Bartram,Sealeaf,bsealeaffp@pen.io,Male,60
567,Edee,Lawie,elawiefq@cisco.com,Female,95
568,Kerrin,Stacey,kstaceyfr@gmpg.org,Female,93
569,Fae,Gammidge,fgammidgefs@sbwire.com,Female,7
570,Spike,Uttermare,suttermareft@woothemes.com,Male,51
571,Orson,Currell,ocurrellfu@t-online.de,Male,38
572,Pennie,Sawday,psawdayfv@list-manage.com,Female,44
573,Aldo,MacSporran,amacsporranfw@usda.gov,Male,76
574,Caz,Recke,creckefx@boston.com,Male,54
575,Kimbell,Celez,kcelezfy@whitehouse.gov,Male,5
576,Kora,Barthod,kbarthodfz@comsenz.com,Female,48
577,Lisle,Marder,lmarderg0@auda.org.au,Male,8
578,Sandye,Ginsie,sginsieg1@hexun.com,Female,88
579,Jeanine,Cockhill,jcockhillg2@bloglines.com,Female,42
580,L;urette,Cheasman,lcheasmang3@bbb.org,Female,29
581,Waiter,Bonn,wbonng4@unc.edu,Male,100
582,Ed,Drewet,edrewetg5@ow.ly,Male,38
583,Tabby,Beacroft,tbeacroftg6@tmall.com,Male,65
584,Faythe,Vose,fvoseg7@drupal.org,Female,73
585,Milka,Matyushkin,mmatyushking8@imageshack.us,Female,31
586,Clem,Elson,celsong9@dropbox.com,Male,19
587,Kylen,Snowden,ksnowdenga@zimbio.com,Female,89
588,Lyndy,Jumeau,ljumeaugb@businessinsider.com,Female,87
589,Revkah,Gerrit,rgerritgc@i2i.jp,Female,73
590,Wakefield,Bingle,wbinglegd@creativecommons.org,Male,8
591,Caria,Colville,ccolvillege@seesaa.net,Female,60
592,Hazel,Draye,hdrayegf@dot.gov,Male,21
593,Harwell,Simonazzi,hsimonazzigg@creativecommons.org,Male,84
594,Delmore,McReynold,dmcreynoldgh@si.edu,Male,51
595,Elfrieda,Anstice,eansticegi@1und1.de,Female,59
596,Ruby,Turnor,rturnorgj@fc2.com,Female,33
597,Dolph,Thompson,dthompsongk@zdnet.com,Male,93
598,Cosetta,Poure,cpouregl@narod.ru,Female,47
599,Christen,Felkin,cfelkingm@pen.io,Female,69
600,Noel,Eppson,neppsongn@fema.gov,Female,67
601,Butch,Sleite,bsleitego@github.io,Male,60
602,Ladonna,Buxcy,lbuxcygp@github.io,Female,32
603,Justina,Garrie,jgarriegq@usatoday.com,Female,63
604,Ingunna,Bowell,ibowellgr@domainmarket.com,Female,70
605,Bert,Hodjetts,bhodjettsgs@cafepress.com,Female,20
606,Kirsten,Piele,kpielegt@shop-pro.jp,Female,93
607,Teodor,FitzAlan,tfitzalangu@sogou.com,Male,13
608,Nora,Treleaven,ntreleavengv@noaa.gov,Female,47
609,Aldin,Happel,ahappelgw@skyrock.com,Male,26
610,Isaiah,Marusyak,imarusyakgx@google.it,Male,67
611,Wallis,Fuggle,wfugglegy@scribd.com,Female,81
612,Sibyl,Sherry,ssherrygz@blogs.com,Female,83
613,Melita,Grunder,mgrunderh0@unicef.org,Female,61
614,Gabbey,Nutman,gnutmanh1@slate.com,Female,68
615,Tynan,Bordessa,tbordessah2@walmart.com,Male,57
616,Enos,Bavidge,ebavidgeh3@unesco.org,Male,98
617,Martin,Longcake,mlongcakeh4@cafepress.com,Male,12
618,Lara,McClymond,lmcclymondh5@who.int,Female,34
619,Trevor,Ternault,tternaulth6@shinystat.com,Male,81
620,Rae,Whorton,rwhortonh7@stumbleupon.com,Female,57
621,Raddie,Sabban,rsabbanh8@guardian.co.uk,Male,59
622,Jeremy,Minall,jminallh9@multiply.com,Male,31
623,Kristy,Standrin,kstandrinha@omniture.com,Female,50
624,Kynthia,Dericot,kdericothb@printfriendly.com,Female,28
625,Damita,Glanz,dglanzhc@mozilla.org,Female,74
626,Alair,Cookley,acookleyhd@t-online.de,Male,60
627,Levin,Amesbury,lamesburyhe@theglobeandmail.com,Male,4
628,Cullin,Meco,cmecohf@wiley.com,Male,94
629,Tobias,Iannetti,tiannettihg@sina.com.cn,Male,85
630,Gorden,Camis,gcamishh@usda.gov,Male,53
631,Joice,Stouther,jstoutherhi@deviantart.com,Female,67
632,Garrett,Haydon,ghaydonhj@mit.edu,Male,72
633,Natasha,Benz,nbenzhk@unblog.fr,Female,15
634,Hulda,Agge,haggehl@virginia.edu,Female,72
635,Melodee,Andrys,mandryshm@apache.org,Female,3
636,Rosalinde,Carabet,rcarabethn@yellowbook.com,Female,77
637,Chicky,Mebs,cmebsho@artisteer.com,Female,1
638,Lacie,Glazebrook,lglazebrookhp@flickr.com,Female,48
639,Marni,Tasseler,mtasselerhq@nyu.edu,Female,48
640,Ainslie,Syme,asymehr@blogs.com,Female,57
641,Michelina,Kelle,mkellehs@lycos.com,Female,57
642,Selig,Ivanaev,sivanaevht@dailymotion.com,Male,15
643,Nevsa,Lanahan,nlanahanhu@geocities.com,Female,76
644,Jessy,Stickler,jsticklerhv@example.com,Female,12
645,Staford,Alliker,sallikerhw@cisco.com,Male,58
646,Shelden,Luker,slukerhx@foxnews.com,Male,72
647,Trixy,Rangall,trangallhy@constantcontact.com,Female,83
648,Curran,Scargill,cscargillhz@dot.gov,Male,60
649,Georgi,Tavener,gtaveneri0@amazon.de,Male,31
650,Fulvia,Horwell,fhorwelli1@jimdo.com,Female,95
651,Antonetta,Hamlyn,ahamlyni2@furl.net,Female,88
652,Elyse,Setterthwait,esetterthwaiti3@edublogs.org,Female,13
653,Wade,McHarry,wmcharryi4@ucoz.ru,Male,78
654,Tuesday,Pirdy,tpirdyi5@smugmug.com,Female,23
655,Jenda,Streak,jstreaki6@zdnet.com,Female,63
656,Dolores,Hebron,dhebroni7@nhs.uk,Female,86
657,Madlin,Chattoe,mchattoei8@gravatar.com,Female,48
658,Norean,Hull,nhulli9@spotify.com,Female,30
659,Malina,Dorricott,mdorricottia@aboutads.info,Female,12
660,Karole,Simenot,ksimenotib@marriott.com,Female,65
661,Nikaniki,Bartolomeo,nbartolomeoic@xrea.com,Female,30
662,Neils,Scorthorne,nscorthorneid@yandex.ru,Male,23
663,Krystle,Spring,kspringie@fda.gov,Female,26
664,Barn,de Mendoza,bdemendozaif@dion.ne.jp,Male,24
665,Kristine,Van der Kruijs,kvanderkruijsig@mayoclinic.com,Female,23
666,Trisha,Bicksteth,tbickstethih@constantcontact.com,Female,34
667,Amalita,Linggood,alinggoodii@gmpg.org,Female,31
668,Clo,Walewicz,cwalewiczij@virginia.edu,Female,49
669,Dill,Robinet,drobinetik@wordpress.com,Male,87
670,Pearce,Kalaher,pkalaheril@dmoz.org,Male,17
671,Muriel,Rothera,mrotheraim@un.org,Female,92
672,Ode,Mateus,omateusin@earthlink.net,Male,53
673,Romeo,Mosco,rmoscoio@purevolume.com,Male,40
674,Tallie,Galletley,tgalletleyip@over-blog.com,Female,20
675,Torr,McArte,tmcarteiq@umn.edu,Male,71
676,Liz,Glander,lglanderir@ezinearticles.com,Female,36
677,Caresse,Thackray,cthackrayis@slashdot.org,Female,56
678,Alexine,MacAvaddy,amacavaddyit@businesswire.com,Female,22
679,Petronilla,Corsor,pcorsoriu@opensource.org,Female,54
680,Ulrick,Evensden,uevensdeniv@plala.or.jp,Male,91
681,Geoffry,Flintoft,gflintoftiw@yellowbook.com,Male,48
682,Timothee,Locks,tlocksix@drupal.org,Male,70
683,Hadrian,McCanny,hmccannyiy@spotify.com,Male,50
684,Immanuel,Lowten,ilowteniz@omniture.com,Male,8
685,Brandi,Vurley,bvurleyj0@behance.net,Female,17
686,Pasquale,Arckoll,parckollj1@sfgate.com,Male,42
687,Cully,Plumstead,cplumsteadj2@fastcompany.com,Male,23
688,Brock,Fenck,bfenckj3@state.gov,Male,62
689,Amara,Mengo,amengoj4@parallels.com,Female,69
690,Loy,Bleue,lbleuej5@slashdot.org,Male,44
691,Tish,Bagnold,tbagnoldj6@mlb.com,Female,80
692,Barrett,Humpage,bhumpagej7@china.com.cn,Male,96
693,Wandie,Northley,wnorthleyj8@godaddy.com,Female,72
694,Patrizius,Cristou,pcristouj9@omniture.com,Male,80
695,Bud,Baversor,bbaversorja@redcross.org,Male,69
696,Chucho,Mugg,cmuggjb@goo.ne.jp,Male,80
697,Kalvin,Potzold,kpotzoldjc@tmall.com,Male,32
698,Bordy,Wasbey,bwasbeyjd@mtv.com,Male,51
699,Ulrika,Whye,uwhyeje@altervista.org,Female,55
700,Alisun,Clampe,aclampejf@aboutads.info,Female,37
701,Gunner,Exeter,gexeterjg@fc2.com,Male,42
702,Yancy,Pass,ypassjh@123-reg.co.uk,Male,46
703,Meaghan,Ponceford,mponcefordji@sun.com,Female,65
704,Eleonora,Redington,eredingtonjj@bbb.org,Female,9
705,Kaylyn,Statersfield,kstatersfieldjk@etsy.com,Female,11
706,Amara,Grzeskowski,agrzeskowskijl@yellowpages.com,Female,36
707,Shelby,Hazleton,shazletonjm@ox.ac.uk,Male,47
708,Renard,Kenvin,rkenvinjn@webnode.com,Male,69
709,Clemens,Colliford,ccollifordjo@simplemachines.org,Male,39
710,Carolin,MacKessock,cmackessockjp@narod.ru,Female,47
711,Nerti,Herkess,nherkessjq@about.me,Female,52
712,Reinaldos,Grishin,rgrishinjr@qq.com,Male,22
713,Quinton,Tyndall,qtyndalljs@psu.edu,Male,7
714,Ileana,Phipps,iphippsjt@newyorker.com,Female,65
715,Christoffer,Fehely,cfehelyju@wp.com,Male,81
716,Holt,Cesco,hcescojv@dot.gov,Male,38
717,Andriana,Denslow,adenslowjw@google.fr,Female,33
718,Stafford,Hoogendorp,shoogendorpjx@dot.gov,Male,18
719,Adriane,Dilleston,adillestonjy@google.pl,Female,19
720,Rubina,Rosenau,rrosenaujz@usa.gov,Female,57
721,Erastus,Carsberg,ecarsbergk0@jiathis.com,Male,32
722,Kelila,Bordis,kbordisk1@businessinsider.com,Female,6
723,Katharine,Ovill,kovillk2@ibm.com,Female,100
724,Trenton,Pauleau,tpauleauk3@sun.com,Male,12
725,Gilbert,Spatig,gspatigk4@posterous.com,Male,55
726,Carney,Bage,cbagek5@hatena.ne.jp,Male,98
727,Fredrick,Bourdel,fbourdelk6@fc2.com,Male,94
728,Sargent,Gierardi,sgierardik7@bluehost.com,Male,51
729,Bert,Moorcroft,bmoorcroftk8@kickstarter.com,Male,88
730,Renell,Udey,rudeyk9@answers.com,Female,59
731,Cordey,Worsom,cworsomka@tripod.com,Female,48
732,Artemis,Passie,apassiekb@usnews.com,Male,59
733,Jayme,Bloschke,jbloschkekc@webeden.co.uk,Male,82
734,Niccolo,Crannach,ncrannachkd@xinhuanet.com,Male,92
735,Pat,Behnecken,pbehneckenke@zdnet.com,Female,23
736,Jemmy,Fairman,jfairmankf@exblog.jp,Female,30
737,Alain,Skrine,askrinekg@home.pl,Male,52
738,Corrina,Chazette,cchazettekh@php.net,Female,66
739,Kimbell,Muckley,kmuckleyki@about.com,Male,1
740,Brodie,Monard,bmonardkj@un.org,Male,65
741,Leeland,Mesnard,lmesnardkk@nyu.edu,Male,24
742,Sky,Illsley,sillsleykl@buzzfeed.com,Male,93
743,Lorenza,Mattingley,lmattingleykm@spiegel.de,Female,99
744,Stephie,Pinke,spinkekn@admin.ch,Female,93
745,Hastings,Proppers,hproppersko@blogspot.com,Male,44
746,Abraham,Bridgwood,abridgwoodkp@odnoklassniki.ru,Male,16
747,Dorita,Southwood,dsouthwoodkq@illinois.edu,Female,64
748,Odetta,Freestone,ofreestonekr@eepurl.com,Female,25
749,Dorolisa,Grent,dgrentks@parallels.com,Female,51
750,Jason,Station,jstationkt@admin.ch,Male,7
751,Hector,Gregori,hgregoriku@webmd.com,Male,13
752,Mort,Keggins,mkegginskv@cafepress.com,Male,77
753,Samara,Elsby,selsbykw@google.fr,Female,26
754,Petronille,Pacitti,ppacittikx@plala.or.jp,Female,49
755,Annis,Tatters,atattersky@google.co.jp,Female,35
756,Blinnie,Baudain,bbaudainkz@vinaora.com,Female,77
757,Suzann,McFeate,smcfeatel0@hostgator.com,Female,23
758,Korie,Keeting,kkeetingl1@unc.edu,Female,12
759,Roland,Camidge,rcamidgel2@pagesperso-orange.fr,Male,36
760,Olwen,Inggall,oinggalll3@google.fr,Female,58
761,Chevy,Melhuish,cmelhuishl4@arstechnica.com,Male,40
762,Carlyle,Seller,csellerl5@cdbaby.com,Male,22
763,Alistair,Worters,awortersl6@nhs.uk,Male,40
764,Teddie,Kent,tkentl7@bandcamp.com,Female,78
765,Rickert,Brompton,rbromptonl8@accuweather.com,Male,43
766,Datha,Drewet,ddrewetl9@patch.com,Female,14
767,Margarethe,Bridie,mbridiela@tinyurl.com,Female,92
768,Jordain,Malyon,jmalyonlb@google.com,Female,61
769,Roselia,De Cristoforo,rdecristoforolc@jigsy.com,Female,80
770,Dorthy,Howitt,dhowittld@apple.com,Female,23
771,George,Ianniello,gianniellole@unicef.org,Female,92
772,Celinka,Preshaw,cpreshawlf@gnu.org,Female,59
773,Gnni,Vaughn,gvaughnlg@seattletimes.com,Female,32
774,Ailyn,Pedlow,apedlowlh@jugem.jp,Female,12
775,Gordon,Gotecliffe,ggotecliffeli@about.com,Male,27
776,Georgeanna,Myerscough,gmyerscoughlj@admin.ch,Female,82
777,Wainwright,Londing,wlondinglk@lycos.com,Male,53
778,Hewitt,Legon,hlegonll@quantcast.com,Male,75
779,Conney,Bradburne,cbradburnelm@economist.com,Male,56
780,Sylvan,McLevie,smclevieln@gmpg.org,Male,92
781,Hatty,Twidale,htwidalelo@goodreads.com,Female,32
782,Erika,Ledson,eledsonlp@apache.org,Female,60
783,Sid,Lidstone,slidstonelq@nature.com,Male,41
784,Bogey,Segge,bseggelr@scientificamerican.com,Male,39
785,Joline,Paschke,jpaschkels@berkeley.edu,Female,19
786,Dorelle,Pearch,dpearchlt@twitter.com,Female,47
787,Patrice,Jagiela,pjagielalu@1und1.de,Male,96
788,Gearard,Jeppe,gjeppelv@dell.com,Male,27
789,Giralda,Tansley,gtansleylw@microsoft.com,Female,94
790,Morna,Neylon,mneylonlx@va.gov,Female,68
791,Arel,Brokenshire,abrokenshirely@japanpost.jp,Male,25
792,Worthy,Silburn,wsilburnlz@bandcamp.com,Male,59
793,Mattie,Loughman,mloughmanm0@unblog.fr,Male,39
794,Dore,Foulcher,dfoulcherm1@fema.gov,Male,4
795,Terrie,Thackston,tthackstonm2@clickbank.net,Female,42
796,Hamid,Guislin,hguislinm3@chronoengine.com,Male,51
797,Idelle,Stidever,istideverm4@comsenz.com,Female,64
798,Bobbie,Awty,bawtym5@elegantthemes.com,Male,77
799,Casar,Boston,cbostonm6@desdev.cn,Male,68
800,Web,Cranmor,wcranmorm7@istockphoto.com,Male,9
801,Cati,Guiso,cguisom8@ihg.com,Female,5
802,Sasha,Feldmesser,sfeldmesserm9@wordpress.org,Female,19
803,Broddie,Arling,barlingma@yahoo.com,Male,30
804,Maure,Keiling,mkeilingmb@newyorker.com,Female,68
805,Talbert,Vasilik,tvasilikmc@walmart.com,Male,59
806,Greer,Mattingson,gmattingsonmd@wsj.com,Female,13
807,Jo,Hastings,jhastingsme@about.me,Male,61
808,Etienne,Van Der Walt,evanderwaltmf@stumbleupon.com,Male,92
809,Ingra,Sprague,ispraguemg@creativecommons.org,Male,94
810,Moreen,Aslen,maslenmh@usgs.gov,Female,79
811,Che,Manz,cmanzmi@boston.com,Male,88
812,Kessia,Cockin,kcockinmj@dion.ne.jp,Female,53
813,Bradan,Shillabeer,bshillabeermk@sina.com.cn,Male,17
814,Rina,Flanner,rflannerml@friendfeed.com,Female,51
815,Jamie,Eick,jeickmm@intel.com,Female,81
816,Skelly,Boynton,sboyntonmn@omniture.com,Male,6
817,Steffen,Stuchbery,sstuchberymo@facebook.com,Male,5
818,Alberto,Fairebrother,afairebrothermp@dagondesign.com,Male,98
819,Ashli,Avis,aavismq@cyberchimps.com,Female,22
820,Hasheem,Fewlass,hfewlassmr@bloomberg.com,Male,31
821,Padraic,Rowlings,prowlingsms@wunderground.com,Male,69
822,Sissie,Betho,sbethomt@wikispaces.com,Female,30
823,Daryl,Seiler,dseilermu@cnbc.com,Female,40
824,Woody,Argo,wargomv@wix.com,Male,43
825,Nell,Petrescu,npetrescumw@eepurl.com,Female,17
826,Raimondo,Huddleston,rhuddlestonmx@mapquest.com,Male,3
827,Geraldine,St Louis,gstlouismy@google.ca,Female,58
828,Ciel,Silverthorn,csilverthornmz@4shared.com,Female,96
829,Fred,Lafferty,flaffertyn0@oakley.com,Male,25
830,Kaycee,Lesaunier,klesauniern1@google.pl,Female,45
831,Tabby,Clitheroe,tclitheroen2@booking.com,Female,23
832,Valentino,Hacaud,vhacaudn3@statcounter.com,Male,90
833,Vally,Beardsley,vbeardsleyn4@china.com.cn,Female,35
834,Lura,Lorenzini,llorenzinin5@alibaba.com,Female,64
835,Reynolds,Strond,rstrondn6@amazonaws.com,Male,13
836,Luisa,Falkus,lfalkusn7@cyberchimps.com,Female,100
837,Gerek,Middlebrook,gmiddlebrookn8@youtu.be,Male,69
838,Faunie,Skerman,fskermann9@chron.com,Female,66
839,Clary,Carlet,ccarletna@marriott.com,Female,40
840,Glynnis,Iacovielli,giacoviellinb@vinaora.com,Female,80
841,Brit,Guyon,bguyonnc@rambler.ru,Male,72
842,Gray,Beer,gbeernd@google.com.br,Female,78
843,Ofella,Chudleigh,ochudleighne@twitter.com,Female,87
844,Padraic,Wailes,pwailesnf@edublogs.org,Male,20
845,Manfred,Hobble,mhobbleng@dell.com,Male,68
846,Dominica,Whettleton,dwhettletonnh@netvibes.com,Female,64
847,Katina,Boal,kboalni@fastcompany.com,Female,11
848,Rosette,Brassington,rbrassingtonnj@ameblo.jp,Female,51
849,Isabel,MacShirie,imacshirienk@google.pl,Female,84
850,Kip,Sorel,ksorelnl@over-blog.com,Female,3
851,Ashia,Wildin,awildinnm@google.com.br,Female,3
852,Mellisa,Noller,mnollernn@rediff.com,Female,65
853,Shamus,Addinall,saddinallno@comcast.net,Male,60
854,Bendix,Beric,bbericnp@noaa.gov,Male,40
855,Timofei,Peto,tpetonq@pinterest.com,Male,16
856,Emelina,Dougal,edougalnr@unesco.org,Female,95
857,Towny,Haldin,thaldinns@list-manage.com,Male,1
858,Tedman,Dashkovich,tdashkovichnt@miitbeian.gov.cn,Male,11
859,Nowell,McLagan,nmclagannu@zimbio.com,Male,81
860,Rudy,Saiens,rsaiensnv@bigcartel.com,Male,49
861,Auroora,Sturch,asturchnw@fema.gov,Female,60
862,Winona,Ridgedell,wridgedellnx@parallels.com,Female,15
863,Lanie,Lawry,llawryny@dot.gov,Male,77
864,Theodoric,Copas,tcopasnz@wsj.com,Male,75
865,Bernie,Dudgeon,bdudgeono0@yelp.com,Male,62
866,Rebecka,Brazur,rbrazuro1@oakley.com,Female,1
867,Cesar,Eveling,cevelingo2@com.com,Male,34
868,Clare,Silcocks,csilcockso3@ca.gov,Male,36
869,Sidoney,Elgey,selgeyo4@europa.eu,Female,29
870,Sisile,Newick,snewicko5@example.com,Female,74
871,Inglis,Swanton,iswantono6@last.fm,Male,63
872,Kaye,Jedrzejewsky,kjedrzejewskyo7@themeforest.net,Female,42
873,Orland,Guenther,oguenthero8@amazon.co.jp,Male,68
874,Karylin,Betton,kbettono9@tiny.cc,Female,51
875,Charlie,Dunseath,cdunseathoa@jigsy.com,Male,2
876,Cammy,Laslett,claslettob@netvibes.com,Male,82
877,Saw,Boniface,sbonifaceoc@oaic.gov.au,Male,56
878,Xymenes,Icke,xickeod@un.org,Male,24
879,Dena,Lunge,dlungeoe@salon.com,Female,67
880,Nappie,Moreton,nmoretonof@imgur.com,Male,86
881,Ardis,Laydon,alaydonog@cornell.edu,Female,99
882,Sianna,Pendrigh,spendrighoh@hostgator.com,Female,57
883,Bronny,Oldfield-Cherry,boldfieldcherryoi@feedburner.com,Male,82
884,Fae,Mabbs,fmabbsoj@jiathis.com,Female,52
885,Merrilee,Ansteys,mansteysok@tamu.edu,Female,63
886,Jamison,Haisell,jhaisellol@answers.com,Male,33
887,Chickie,Gouly,cgoulyom@pinterest.com,Male,84
888,Hortense,Seakes,hseakeson@businessweek.com,Female,33
889,Morty,Sweynson,msweynsonoo@amazon.com,Male,5
890,Janean,Satteford,jsattefordop@who.int,Female,2
891,Margi,Spellessy,mspellessyoq@fc2.com,Female,37
892,Theadora,Spencelayh,tspencelayhor@jiathis.com,Female,26
893,Marsiella,Pail,mpailos@multiply.com,Female,85
894,Marylinda,Longdon,mlongdonot@wikimedia.org,Female,44
895,Saunder,Simoncini,ssimonciniou@fda.gov,Male,40
896,Enos,Schneidar,eschneidarov@sun.com,Male,33
897,Maegan,Shovelin,mshovelinow@gnu.org,Female,98
898,Gannie,Fitchett,gfitchettox@un.org,Male,15
899,Natalya,Daveran,ndaveranoy@washington.edu,Female,36
900,Jewelle,Martinelli,jmartinellioz@bravesites.com,Female,47
901,Sly,Rexworthy,srexworthyp0@prlog.org,Male,26
902,Mayne,Philot,mphilotp1@mozilla.com,Male,9
903,Bink,Dargan,bdarganp2@wufoo.com,Male,20
904,Pet,Nerger,pnergerp3@baidu.com,Female,25
905,Jerry,Lochrie,jlochriep4@globo.com,Male,49
906,Cody,Allans,callansp5@odnoklassniki.ru,Male,21
907,Shayla,Paddefield,spaddefieldp6@nytimes.com,Female,61
908,Kinny,Kensy,kkensyp7@si.edu,Male,71
909,Adoree,Mingard,amingardp8@stanford.edu,Female,81
910,Lane,Oliver,loliverp9@ebay.com,Female,8
911,Ky,Le Brum,klebrumpa@cyberchimps.com,Male,80
912,Dusty,Fisby,dfisbypb@e-recht24.de,Female,45
913,Noella,Kassel,nkasselpc@google.com.hk,Female,77
914,Hodge,Trevan,htrevanpd@ted.com,Male,70
915,Konstanze,Roser,kroserpe@patch.com,Female,17
916,Ferd,Girardini,fgirardinipf@shop-pro.jp,Male,30
917,Kort,Batrick,kbatrickpg@yolasite.com,Male,4
918,Shay,O'Calleran,socalleranph@ca.gov,Male,57
919,Myer,Alesi,malesipi@about.com,Male,88
920,Bogart,Humpatch,bhumpatchpj@nature.com,Male,70
921,Christiane,Kornilov,ckornilovpk@devhub.com,Female,17
922,Janean,Jasiak,jjasiakpl@pen.io,Female,64
923,Bradan,Kluss,bklusspm@plala.or.jp,Male,28
924,Elene,Nevin,enevinpn@reddit.com,Female,86
925,Jaquelin,Jakeway,jjakewaypo@wikia.com,Female,59
926,Lilias,Dungey,ldungeypp@qq.com,Female,67
927,Zorine,Sherwin,zsherwinpq@spiegel.de,Female,62
928,Emmaline,Lapping,elappingpr@google.ru,Female,90
929,Gustie,Egleton,gegletonps@e-recht24.de,Female,4
930,Mason,Brightman,mbrightmanpt@vkontakte.ru,Male,94
931,Toinette,Roxby,troxbypu@t-online.de,Female,50
932,Mella,Norssister,mnorssisterpv@pinterest.com,Female,53
933,Sharline,Ibbott,sibbottpw@cloudflare.com,Female,7
934,Albie,Fearn,afearnpx@360.cn,Male,31
935,Forrest,Bearcroft,fbearcroftpy@wp.com,Male,69
936,Meara,Warne,mwarnepz@google.co.uk,Female,75
937,Foss,Shore,fshoreq0@weibo.com,Male,79
938,Kevin,Berling,kberlingq1@uiuc.edu,Male,51
939,Deirdre,MacElroy,dmacelroyq2@mozilla.org,Female,47
940,Brinna,Grono,bgronoq3@marketwatch.com,Female,66
941,Cart,Blaver,cblaverq4@w3.org,Male,44
942,Jerad,Fergusson,jfergussonq5@stumbleupon.com,Male,4
943,Maurice,Moden,mmodenq6@prlog.org,Male,42
944,Welch,MacCardle,wmaccardleq7@army.mil,Male,68
945,Rooney,Byng,rbyngq8@cyberchimps.com,Male,89
946,Cameron,Viney,cvineyq9@cocolog-nifty.com,Male,19
947,Davidde,Axup,daxupqa@biblegateway.com,Male,26
948,Essie,MacGinney,emacginneyqb@nationalgeographic.com,Female,51
949,Brock,Beddon,bbeddonqc@about.com,Male,10
950,Astrid,Smalman,asmalmanqd@usda.gov,Female,99
951,Olin,Vigietti,ovigiettiqe@webeden.co.uk,Male,90
952,Nobe,Biagioni,nbiagioniqf@abc.net.au,Male,49
953,Anderson,Aronoff,aaronoffqg@google.fr,Male,44
954,Krista,Kellard,kkellardqh@globo.com,Female,34
955,Morgun,Yarker,myarkerqi@cbc.ca,Male,28
956,Duke,Lappin,dlappinqj@archive.org,Male,97
957,Britta,Farran,bfarranqk@nsw.gov.au,Female,94
958,Carmine,McParlin,cmcparlinql@nationalgeographic.com,Male,21
959,Alleen,Maclean,amacleanqm@mozilla.com,Female,48
960,Kort,Championnet,kchampionnetqn@google.es,Male,31
961,Griffie,Van't Hoff,gvanthoffqo@google.com,Male,30
962,Bil,Wandrich,bwandrichqp@homestead.com,Male,98
963,Ajay,Fateley,afateleyqq@miitbeian.gov.cn,Female,41
964,Rosco,Versey,rverseyqr@linkedin.com,Male,36
965,Aviva,Worg,aworgqs@mozilla.com,Female,28
966,Marcelia,Trevain,mtrevainqt@parallels.com,Female,100
967,Roy,Darell,rdarellqu@seattletimes.com,Male,69
968,Brigitta,Maletratt,bmaletrattqv@hhs.gov,Female,32
969,Lorettalorna,Rishbrook,lrishbrookqw@spiegel.de,Female,24
970,Valentin,Gauvain,vgauvainqx@mayoclinic.com,Male,86
971,Bondy,Tupling,btuplingqy@tinyurl.com,Male,14
972,Donal,Ratcliffe,dratcliffeqz@odnoklassniki.ru,Male,90
973,Chrysler,Pettisall,cpettisallr0@netscape.com,Female,10
974,Licha,Krause,lkrauser1@spotify.com,Female,59
975,Kylynn,LaBastida,klabastidar2@geocities.com,Female,51
976,Ulises,Canizares,ucanizaresr3@statcounter.com,Male,67
977,Ingmar,De Michele,idemicheler4@toplist.cz,Male,53
978,Loralee,Wallis,lwallisr5@lycos.com,Female,3
979,Rita,Kersaw,rkersawr6@upenn.edu,Female,35
980,Artair,Spinage,aspinager7@over-blog.com,Male,18
981,Padriac,Dovidaitis,pdovidaitisr8@odnoklassniki.ru,Male,76
982,Cosette,Ormshaw,cormshawr9@joomla.org,Female,83
983,Ardelis,Hugonet,ahugonetra@lulu.com,Female,26
984,Kori,Aldine,kaldinerb@jalbum.net,Female,41
985,Vilhelmina,Chevin,vchevinrc@hatena.ne.jp,Female,21
986,Tallulah,Denver,tdenverrd@g.co,Female,45
987,Cad,Betteson,cbettesonre@washingtonpost.com,Male,18
988,Nettie,Roze,nrozerf@sun.com,Female,40
989,Alleyn,Yepiskov,ayepiskovrg@house.gov,Male,65
990,Jo,Ingon,jingonrh@illinois.edu,Female,31
991,Rice,Souter,rsouterri@unesco.org,Male,54
992,Hi,Braunle,hbraunlerj@photobucket.com,Male,99
993,Bernardine,Sidlow,bsidlowrk@last.fm,Female,14
994,Isidor,Blore,iblorerl@yale.edu,Male,50
995,Rabi,Mayston,rmaystonrm@netscape.com,Male,51
996,Darlleen,Worham,dworhamrn@twitpic.com,Female,63
997,Demetria,Giraudel,dgiraudelro@multiply.com,Female,41
998,Alfred,Webbe,awebberp@altervista.org,Male,64
999,Ash,Denkin,adenkinrq@jalbum.net,Male,16
1000,Florette,Eassom,feassomrr@vistaprint.com,Female,69
